{"name":"32e0979d-0fa7-4b77-bed6-8a2dcf7d7145","id":"/providers/Microsoft.Flow/flows/32e0979d-0fa7-4b77-bed6-8a2dcf7d7145","type":"Microsoft.Flow/flows","properties":{"apiId":"/providers/Microsoft.PowerApps/apis/shared_logicflows","displayName":"Save file sent over Outlook to OneDrive PH112 folder","definition":{"metadata":{"workflowEntityId":null,"processAdvisorMetadata":null,"flowChargedByPaygo":null,"flowclientsuspensionreason":"None","flowclientsuspensiontime":null,"flowclientsuspensionreasondetails":null,"creator":{"id":"ad5eef2b-4f63-41e2-bdae-bb3354ab953a","type":"User","tenantId":"b5ee863d-4fd9-45eb-8bde-c98fe713c821"},"provisioningMethod":"FromDefinition","failureAlertSubscription":true,"clientLastModifiedTime":"2025-10-10T22:18:25.9329194Z","connectionKeySavedTimeKey":"2025-10-10T22:18:25.9329194Z","creationSource":"Portal","modifiedSources":"Portal","clientCreatedTime":"2025-10-11T04:58:00.8072378Z","migrationSourceId":"/subscriptions/a2981534-245e-417c-8407-c364e109fa35/resourceGroups/b5ee863d4fd945eb8bdec98fe713c821-defaultb5ee863d4fd945eb8bdec98fe713c821-env/providers/Microsoft.Logic/workflows/32e0979d-0fa7-4b77-bed6-8a2dcf7d7145-azshadow"},"$schema":"https://schema.management.azure.com/providers/Microsoft.Logic/schemas/2016-06-01/workflowdefinition.json#","contentVersion":"1.0.0.0","parameters":{"$authentication":{"defaultValue":{},"type":"SecureObject"},"$connections":{"defaultValue":{},"type":"Object"}},"triggers":{"When_a_new_email_arrives_(V3)":{"splitOn":"@triggerOutputs()?['body/value']","metadata":{"Id::AAMkADMwM2Y0NDY3LWZhODktNDk5OC05N2UwLTUxN2U4NDU1YmNkNQAuAAAAAABLYa4b5i_PR79wIizMKLDCAQBVkBhtaoKFTYHv-7N0im7KAAAAAAEJAAA=":"Sent Items"},"type":"OpenApiConnectionNotification","inputs":{"parameters":{"to":"peckstein@qcc.cuny.edu","includeAttachments":true,"importance":"Any","fetchOnlyWithAttachment":true,"folderPath":"Id::AAMkADMwM2Y0NDY3LWZhODktNDk5OC05N2UwLTUxN2U4NDU1YmNkNQAuAAAAAABLYa4b5i_PR79wIizMKLDCAQBVkBhtaoKFTYHv-7N0im7KAAAAAAEJAAA="},"host":{"apiId":"/providers/Microsoft.PowerApps/apis/shared_office365","connectionName":"shared_office365","operationId":"OnNewEmailV3"},"authentication":"@parameters('$authentication')"}}},"actions":{"For_each":{"foreach":"@triggerOutputs()?['body/attachments']","actions":{"Create_file":{"type":"OpenApiConnection","inputs":{"parameters":{"folderPath":"/Courses/PH112","name":"@item()?['name']","body":"@item()?['contentBytes']"},"host":{"apiId":"/providers/Microsoft.PowerApps/apis/shared_onedriveforbusiness","connectionName":"shared_onedriveforbusiness","operationId":"CreateFile"},"authentication":"@parameters('$authentication')"},"runtimeConfiguration":{"contentTransfer":{"transferMode":"Chunked"}}}},"runAfter":{},"type":"Foreach"}},"outputs":{},"description":"When I send a lab report file to my professor's email, the flow will copy the file sent to a fixed folder in Onedrive."},"connectionReferences":{"shared_office365":{"connectionName":"shared-office365-e9379a20-28a7-418a-a062-d10543bb73ce","source":"Embedded","id":"/providers/Microsoft.PowerApps/apis/shared_office365","tier":"NotSpecified","apiName":"office365","isProcessSimpleApiReferenceConversionAlreadyDone":false},"shared_onedriveforbusiness":{"connectionName":"shared-onedriveforbu-f987c132-929b-421f-ae65-eee9ba81cef9","source":"Embedded","id":"/providers/Microsoft.PowerApps/apis/shared_onedriveforbusiness","tier":"NotSpecified","apiName":"onedriveforbusiness","isProcessSimpleApiReferenceConversionAlreadyDone":false}},"flowFailureAlertSubscribed":false,"isManaged":false}}