{"name":"d5f743aa-b332-48ea-bee5-86b75eedc603","id":"/providers/Microsoft.Flow/flows/d5f743aa-b332-48ea-bee5-86b75eedc603","type":"Microsoft.Flow/flows","properties":{"apiId":"/providers/Microsoft.PowerApps/apis/shared_logicflows","displayName":"Cover Page Populator","definition":{"metadata":{"workflowEntityId":null,"processAdvisorMetadata":null,"flowChargedByPaygo":null,"flowclientsuspensionreason":"None","flowclientsuspensiontime":null,"flowclientsuspensionreasondetails":null,"creator":{"id":"ad5eef2b-4f63-41e2-bdae-bb3354ab953a","type":"User","tenantId":"b5ee863d-4fd9-45eb-8bde-c98fe713c821"},"provisioningMethod":"FromDefinition","failureAlertSubscription":true,"clientLastModifiedTime":"2025-08-20T23:47:29.5113705Z","connectionKeySavedTimeKey":"2025-08-20T23:47:29.5113705Z","creationSource":null,"modifiedSources":"Portal","clientCreatedTime":"2025-10-11T04:55:29.5375523Z","migrationSourceId":"/subscriptions/a2981534-245e-417c-8407-c364e109fa35/resourceGroups/b5ee863d4fd945eb8bdec98fe713c821-defaultb5ee863d4fd945eb8bdec98fe713c821-env/providers/Microsoft.Logic/workflows/d5f743aa-b332-48ea-bee5-86b75eedc603-azshadow"},"$schema":"https://schema.management.azure.com/providers/Microsoft.Logic/schemas/2016-06-01/workflowdefinition.json#","contentVersion":"1.0.0.0","parameters":{"$authentication":{"defaultValue":{},"type":"SecureObject"},"$connections":{"defaultValue":{},"type":"Object"}},"triggers":{"manual":{"splitOn":"@triggerBody()['rows']","type":"Request","kind":"ApiConnection","inputs":{"operationId":"ForASelectedFile","schema":{"type":"object","properties":{"rows":{"type":"array","items":{"type":"object","properties":{"entity":{"properties":{"filePath":{"title":"filePath","type":"string"}},"type":"object","required":[]},"text":{"description":"Please enter your input","title":"Title","type":"string","x-ms-content-hint":"TEXT","x-ms-dynamically-added":true}}}}},"required":["rows"]},"host":{"connection":{"name":"@parameters('$connections')['shared_onedriveforbusiness']['connectionId']"},"api":{"runtimeUrl":"https://flow-apim-msmanaged-na-centralus-01.azure-apim.net/apim/onedriveforbusiness"}}}}},"actions":{"Populate_Word_Document":{"runAfter":{"Get_DOCX_file_content":["Succeeded"]},"metadata":{"operationMetadataId":"f58af2be-e5e0-4e46-a284-4a1648b14592"},"type":"OpenApiConnection","inputs":{"parameters":{"operation/fileContent":"@body('Get_DOCX_file_content')","operation/documentData":"{\n\"title\":\"@{outputs('Compose_Variables')?['title']}\",\n\"classCode\":\"@{outputs('Get_a_row')?['body/classCode']}\",\n\"className\":\"@{outputs('Get_a_row')?['body/className']}\",\n\"instructor\":\"@{outputs('Get_a_row')?['body/ instructor']}\",\n\"honorific\":\"@{outputs('Get_a_row')?['body/honorific']}\",\n\"tiempo\":\"@{outputs('Compose_Variables')?['tiempo']}\",\n\"fileArray\":@{variables('fileArray')}\n}","operation/jsonParseMode":"Standard","operation/allowMissingMembers":false,"operation/inlineErrorMessages":false,"operation/removeEmptyParagraphs":false,"operation/timezone":"Default"},"host":{"apiId":"/providers/Microsoft.PowerApps/apis/shared_encodiandocumentmanager","connectionName":"shared_encodiandocumentmanager","operationId":"PopulateWordDocument"},"authentication":{"value":"@json(decodeBase64(triggerOutputs().headers['X-MS-APIM-Tokens']))['$ConnectionKey']","type":"Raw"}}},"Create_file":{"runAfter":{"Populate_Word_Document":["Succeeded"]},"metadata":{"operationMetadataId":"027e9aee-62ba-442f-b081-e4d36163c962"},"type":"OpenApiConnection","inputs":{"parameters":{"folderPath":"@outputs('Compose_Variables')?['path']","name":"@outputs('Compose_Variables')?['fileName']","body":"@outputs('Populate_Word_Document')?['body/FileContent']"},"host":{"apiId":"/providers/Microsoft.PowerApps/apis/shared_onedriveforbusiness","connectionName":"shared_onedriveforbusiness","operationId":"CreateFile"},"authentication":{"value":"@json(decodeBase64(triggerOutputs().headers['X-MS-APIM-Tokens']))['$ConnectionKey']","type":"Raw"}},"runtimeConfiguration":{"contentTransfer":{"transferMode":"Chunked"}}},"Get_a_row":{"runAfter":{"Compose_Variables":["Succeeded"]},"metadata":{"01JAEZMULLVA4JL7JEVZGIIMPQYDRUJ6ZV":"/Metadata/Classes_Info.xlsx","tableId":"{355A206C-5540-4F3D-A72B-577F2F84BF48}"},"type":"OpenApiConnection","inputs":{"parameters":{"source":"me","drive":"b!yYmyjr_YdU-3eLAP7Cxag6yOINka7kRKmwAb4wUGZuxhohmFd9gGSrBOnruF_az4","file":"01JAEZMULLVA4JL7JEVZGIIMPQYDRUJ6ZV","table":"{355A206C-5540-4F3D-A72B-577F2F84BF48}","idColumn":"classCode","id":"@outputs('Compose_Variables')?['classCode']","extractSensitivityLabel":false,"fetchSensitivityLabelMetadata":false},"host":{"apiId":"/providers/Microsoft.PowerApps/apis/shared_excelonlinebusiness","connectionName":"shared_excelonlinebusiness","operationId":"GetItem"},"authentication":{"value":"@json(decodeBase64(triggerOutputs().headers['X-MS-APIM-Tokens']))['$ConnectionKey']","type":"Raw"}}},"Get_DOCX_file_content":{"runAfter":{"Apply_to_each":["Succeeded"]},"metadata":{"b!yYmyjr_YdU-3eLAP7Cxag6yOINka7kRKmwAb4wUGZuxhohmFd9gGSrBOnruF_az4.01JAEZMUKY37NVYORK5ZE2TJUU27K5ZSH7":"/Templates/Lab_Report.docx","operationMetadataId":"e5718adc-4511-473c-bfb2-0b756d14063d","b!yYmyjr_YdU-3eLAP7Cxag6yOINka7kRKmwAb4wUGZuxhohmFd9gGSrBOnruF_az4.01JAEZMUKA5WTPP2TNBBFIT2XDWNRIVILZ":"/Templates/Lab_Report.docx"},"type":"OpenApiConnection","inputs":{"parameters":{"id":"b!yYmyjr_YdU-3eLAP7Cxag6yOINka7kRKmwAb4wUGZuxhohmFd9gGSrBOnruF_az4.01JAEZMUKA5WTPP2TNBBFIT2XDWNRIVILZ","inferContentType":true},"host":{"apiId":"/providers/Microsoft.PowerApps/apis/shared_onedriveforbusiness","connectionName":"shared_onedriveforbusiness","operationId":"GetFileContent"},"authentication":{"value":"@json(decodeBase64(triggerOutputs().headers['X-MS-APIM-Tokens']))['$ConnectionKey']","type":"Raw"}}},"Compose_Variables":{"runAfter":{"Convert_time_zone":["Succeeded"]},"type":"Compose","inputs":{"path":"@{triggerBody()?['entity']['filePath']}","fileName":"Jhonatan_Parada_@{replace(triggerBody()?['text'], ' ', '_')}.docx","title":"@{toUpper(triggerBody()?['text'])}","classCode":"@{last(split(string(triggerBody()?['entity']['filePath']), '/'))}","tiempo":"ㅤㅤ@{body('Convert_time_zone')}ㅤㅤ"}},"Current_time":{"runAfter":{},"type":"Expression","kind":"CurrentTime","inputs":{}},"List_files_in_folder":{"runAfter":{"Get_a_row":["Succeeded"]},"metadata":{"b!yYmyjr_YdU-3eLAP7Cxag6yOINka7kRKmwAb4wUGZuxhohmFd9gGSrBOnruF_az4.01JAEZMUOZRT4XEXVTUJDZ7EBKBSZWQMUM":"/Attachments"},"type":"OpenApiConnection","inputs":{"parameters":{"id":"b!yYmyjr_YdU-3eLAP7Cxag6yOINka7kRKmwAb4wUGZuxhohmFd9gGSrBOnruF_az4.01JAEZMUOZRT4XEXVTUJDZ7EBKBSZWQMUM"},"host":{"apiId":"/providers/Microsoft.PowerApps/apis/shared_onedriveforbusiness","connectionName":"shared_onedriveforbusiness","operationId":"ListFolderV2"},"authentication":{"value":"@json(decodeBase64(triggerOutputs().headers['X-MS-APIM-Tokens']))['$ConnectionKey']","type":"Raw"}}},"Apply_to_each":{"foreach":"@outputs('List_files_in_folder')?['body/value']","actions":{"Get_file_content":{"type":"OpenApiConnection","inputs":{"parameters":{"id":"@items('Apply_to_each')?['Id']","inferContentType":true},"host":{"apiId":"/providers/Microsoft.PowerApps/apis/shared_onedriveforbusiness","connectionName":"shared_onedriveforbusiness","operationId":"GetFileContent"},"authentication":{"value":"@json(decodeBase64(triggerOutputs().headers['X-MS-APIM-Tokens']))['$ConnectionKey']","type":"Raw"}}},"Append_to_array_variable":{"runAfter":{"Get_file_content":["Succeeded"]},"type":"AppendToArrayVariable","inputs":{"name":"fileArray","value":{"imageBase64":"@{base64(body('Get_file_content'))}"}}}},"runAfter":{"Initialize_variable":["Succeeded"]},"type":"Foreach"},"Initialize_variable":{"runAfter":{"List_files_in_folder":["Succeeded"]},"type":"InitializeVariable","inputs":{"variables":[{"name":"fileArray","type":"array"}]}},"Apply_to_each_1":{"foreach":"@outputs('List_files_in_folder')?['body/value']","actions":{"Delete_file":{"type":"OpenApiConnection","inputs":{"parameters":{"id":"@items('Apply_to_each_1')?['Id']"},"host":{"apiId":"/providers/Microsoft.PowerApps/apis/shared_onedriveforbusiness","connectionName":"shared_onedriveforbusiness","operationId":"DeleteFile"},"authentication":{"value":"@json(decodeBase64(triggerOutputs().headers['X-MS-APIM-Tokens']))['$ConnectionKey']","type":"Raw"}}}},"runAfter":{"Create_file":["Succeeded"]},"type":"Foreach"},"Convert_time_zone":{"runAfter":{"Current_time":["Succeeded"]},"type":"Expression","kind":"ConvertTimeZone","inputs":{"baseTime":"@body('Current_time')","sourceTimeZone":"UTC","destinationTimeZone":"Eastern Standard Time","formatString":"MMMM d, yyyy"}}},"description":""},"connectionReferences":{"shared_encodiandocumentmanager":{"connectionName":"shared-encodiandocum-dfca3c54-4fd3-431f-ad4e-842920eb8881","source":"Invoker","id":"/providers/Microsoft.PowerApps/apis/shared_encodiandocumentmanager","tier":"NotSpecified","apiName":"encodiandocumentmanager","isProcessSimpleApiReferenceConversionAlreadyDone":false},"shared_onedriveforbusiness":{"connectionName":"shared-onedriveforbu-f987c132-929b-421f-ae65-eee9ba81cef9","source":"Invoker","id":"/providers/Microsoft.PowerApps/apis/shared_onedriveforbusiness","tier":"NotSpecified","apiName":"onedriveforbusiness","isProcessSimpleApiReferenceConversionAlreadyDone":false},"shared_excelonlinebusiness":{"connectionName":"shared-excelonlinebu-460dc2aa-0b36-485f-8845-dac01f0cf4d9","source":"Invoker","id":"/providers/Microsoft.PowerApps/apis/shared_excelonlinebusiness","tier":"NotSpecified","apiName":"excelonlinebusiness","isProcessSimpleApiReferenceConversionAlreadyDone":false}},"flowFailureAlertSubscribed":false,"isManaged":false}}